{
  "all_energies": [
    -0.3119975365231298,
    -1.425265058417068,
    -0.8687477352410813,
    -7.786675859903273,
    -19.136584341614316,
    -8.636799816744178,
    19.7687939443044,
    19.152052463652424,
    18.753098897874594,
    24.1987261393812,
    23.220699566312945,
    23.596619349042285,
    16.464294377857485,
    5.249626844972123,
    15.568813829395616,
    44.128468655319644,
    43.64696812349335,
    43.06741701726887,
    24.280034479531153,
    22.99436358738625,
    23.62416787360427,
    16.626007240296357,
    5.103695388334351,
    15.676766876246521,
    43.943947608865116,
    43.15480275796217,
    42.82913615522638,
    -7.744051581019333,
    -16.311301287970295,
    -8.1732513897977,
    -15.26122942482174,
    -34.065120091589804,
    -15.983802991723062,
    12.525303946029663,
    4.454580280320663,
    11.637159289539438,
    16.28885775640982,
    7.856848998284535,
    15.814301356010485,
    8.511926474463836,
    -10.15672324347855,
    7.743996315941551,
    36.40716431856972,
    28.471681601686402,
    35.473663070458535,
    16.648249376088884,
    7.908596298886959,
    16.11993316010159,
    8.951722616431825,
    -10.024571420587204,
    8.130032642321575,
    36.50072655164432,
    28.25759951568435,
    35.51346548794516,
    19.215502379405496,
    10.694878547416963,
    18.652987706219953,
    11.747724406891866,
    -7.009540384913774,
    10.89183597558337,
    39.53522078420316,
    31.511122993456592,
    38.51376126330577,
    43.453105609278275,
    35.06772272611542,
    42.84523434447177,
    35.72557419862107,
    17.10355035564111,
    34.82432917569161,
    63.62177504918686,
    55.73291820726597,
    62.5549589366685,
    32.91194467472089,
    24.218917472481394,
    32.25031359432642,
    25.26481778635261,
    6.335149624296008,
    24.309812947835184,
    52.814784728024996,
    44.61828356702746,
    51.69420879991867
  ],
  "all_states": [
    [
      0,
      0,
      0,
      0
    ],
    [
      0,
      0,
      0,
      1
    ],
    [
      0,
      0,
      0,
      2
    ],
    [
      0,
      0,
      1,
      0
    ],
    [
      0,
      0,
      1,
      1
    ],
    [
      0,
      0,
      1,
      2
    ],
    [
      0,
      0,
      2,
      0
    ],
    [
      0,
      0,
      2,
      1
    ],
    [
      0,
      0,
      2,
      2
    ],
    [
      0,
      1,
      0,
      0
    ],
    [
      0,
      1,
      0,
      1
    ],
    [
      0,
      1,
      0,
      2
    ],
    [
      0,
      1,
      1,
      0
    ],
    [
      0,
      1,
      1,
      1
    ],
    [
      0,
      1,
      1,
      2
    ],
    [
      0,
      1,
      2,
      0
    ],
    [
      0,
      1,
      2,
      1
    ],
    [
      0,
      1,
      2,
      2
    ],
    [
      0,
      2,
      0,
      0
    ],
    [
      0,
      2,
      0,
      1
    ],
    [
      0,
      2,
      0,
      2
    ],
    [
      0,
      2,
      1,
      0
    ],
    [
      0,
      2,
      1,
      1
    ],
    [
      0,
      2,
      1,
      2
    ],
    [
      0,
      2,
      2,
      0
    ],
    [
      0,
      2,
      2,
      1
    ],
    [
      0,
      2,
      2,
      2
    ],
    [
      1,
      0,
      0,
      0
    ],
    [
      1,
      0,
      0,
      1
    ],
    [
      1,
      0,
      0,
      2
    ],
    [
      1,
      0,
      1,
      0
    ],
    [
      1,
      0,
      1,
      1
    ],
    [
      1,
      0,
      1,
      2
    ],
    [
      1,
      0,
      2,
      0
    ],
    [
      1,
      0,
      2,
      1
    ],
    [
      1,
      0,
      2,
      2
    ],
    [
      1,
      1,
      0,
      0
    ],
    [
      1,
      1,
      0,
      1
    ],
    [
      1,
      1,
      0,
      2
    ],
    [
      1,
      1,
      1,
      0
    ],
    [
      1,
      1,
      1,
      1
    ],
    [
      1,
      1,
      1,
      2
    ],
    [
      1,
      1,
      2,
      0
    ],
    [
      1,
      1,
      2,
      1
    ],
    [
      1,
      1,
      2,
      2
    ],
    [
      1,
      2,
      0,
      0
    ],
    [
      1,
      2,
      0,
      1
    ],
    [
      1,
      2,
      0,
      2
    ],
    [
      1,
      2,
      1,
      0
    ],
    [
      1,
      2,
      1,
      1
    ],
    [
      1,
      2,
      1,
      2
    ],
    [
      1,
      2,
      2,
      0
    ],
    [
      1,
      2,
      2,
      1
    ],
    [
      1,
      2,
      2,
      2
    ],
    [
      2,
      0,
      0,
      0
    ],
    [
      2,
      0,
      0,
      1
    ],
    [
      2,
      0,
      0,
      2
    ],
    [
      2,
      0,
      1,
      0
    ],
    [
      2,
      0,
      1,
      1
    ],
    [
      2,
      0,
      1,
      2
    ],
    [
      2,
      0,
      2,
      0
    ],
    [
      2,
      0,
      2,
      1
    ],
    [
      2,
      0,
      2,
      2
    ],
    [
      2,
      1,
      0,
      0
    ],
    [
      2,
      1,
      0,
      1
    ],
    [
      2,
      1,
      0,
      2
    ],
    [
      2,
      1,
      1,
      0
    ],
    [
      2,
      1,
      1,
      1
    ],
    [
      2,
      1,
      1,
      2
    ],
    [
      2,
      1,
      2,
      0
    ],
    [
      2,
      1,
      2,
      1
    ],
    [
      2,
      1,
      2,
      2
    ],
    [
      2,
      2,
      0,
      0
    ],
    [
      2,
      2,
      0,
      1
    ],
    [
      2,
      2,
      0,
      2
    ],
    [
      2,
      2,
      1,
      0
    ],
    [
      2,
      2,
      1,
      1
    ],
    [
      2,
      2,
      1,
      2
    ],
    [
      2,
      2,
      2,
      0
    ],
    [
      2,
      2,
      2,
      1
    ],
    [
      2,
      2,
      2,
      2
    ]
  ],
  "sorted_indices": [
    31,
    4,
    28,
    32,
    30,
    40,
    49,
    5,
    29,
    3,
    27,
    58,
    1,
    2,
    0,
    34,
    22,
    13,
    76,
    41,
    37,
    46,
    50,
    39,
    48,
    55,
    59,
    35,
    57,
    33,
    14,
    23,
    38,
    47,
    36,
    12,
    21,
    45,
    67,
    56,
    8,
    7,
    54,
    6,
    19,
    10,
    11,
    20,
    9,
    73,
    18,
    77,
    75,
    52,
    43,
    61,
    74,
    72,
    68,
    64,
    44,
    53,
    66,
    42,
    51,
    62,
    60,
    26,
    65,
    17,
    25,
    63,
    16,
    24,
    15,
    79,
    80,
    78,
    70,
    71,
    69
  ],
  "ground_truth_states": [
    1,
    0,
    1,
    1
  ],
  "ground_truth_energy": -34.065120091589804,
  "min_energy": -34.065120091589804,
  "ground_truth_rank": 1
}