{
  "n_bootstrap": 1000,
  "seed": 42,
  "chi1_mae_deg": {
    "mean": 19.503359999999997,
    "std": 3.510059419496068,
    "ci_95_lo": 12.865926470588231,
    "ci_95_hi": 26.154735294117646
  },
  "rotamer_accuracy": {
    "mean": 1.0,
    "std": 0.0,
    "ci_95_lo": 1.0,
    "ci_95_hi": 1.0
  },
  "mean_confidence": {
    "mean": 98.54025452923645,
    "std": 0.44284605478888506,
    "ci_95_lo": 97.626181843727,
    "ci_95_hi": 99.34078840741095
  },
  "ece": {
    "mean": 0.014797192855676928,
    "std": 0.0044738804623865105,
    "ci_95_lo": 0.007177293265689338,
    "ci_95_hi": 0.024157996445789854
  },
  "wilcoxon_classical_vs_qaoa": {
    "statistic": 0.0,
    "p_value": 0.033944577430914495,
    "note": "Paired test on 4 residues (limited power)"
  }
}