{
  "classically_simulated": true,
  "backend": "pennylane_default_qubit [CLASSICALLY SIMULATED]",
  "problem_description": "4-residue window from 1L2Y (residues 3-6: YIQW)",
  "n_residues": 4,
  "n_states": 3,
  "n_qubits": 12,
  "ground_truth_states": [
    1,
    0,
    1,
    1
  ],
  "ground_truth_energy": -34.065120091589804,
  "exhaustive_optimal_energy": -34.065120091589804,
  "qaoa_p1": {
    "classically_simulated": true,
    "p_layers": 1,
    "n_qubits": 12,
    "n_qubits_used": 12,
    "circuit_depth_estimate": 156,
    "n_couplings": 66,
    "final_ising_energy": -18.2165850125668,
    "final_qubo_energy": 62.4461321993807,
    "best_states": [
      0,
      0,
      1,
      0
    ],
    "best_states_names": [
      "g-",
      "g-",
      "t",
      "g-"
    ],
    "best_state_qubo_energy": 93.82853085895267,
    "matches_gt": false,
    "quality_ratio": -2.7543872032941286,
    "runtime_s": 23.2830228805542,
    "n_optimizer_iters": 179,
    "convergence_history": [
      -7.481871540061573,
      -11.64566211015853,
      -14.05797816596488,
      -14.05797816596488,
      -14.483733647892478,
      -14.496317578604605,
      -14.52463797681347,
      -14.588721386400358,
      -14.785954197179187,
      -14.799461758192887,
      -14.838589804968333,
      -14.927917027895695,
      -15.024980950346036,
      -15.035629099560143,
      -15.066973326880799,
      -15.25830824465411,
      -15.290258654495757,
      -15.336623016492876,
      -15.373421969608112,
      -15.400083424744782,
      -15.4196146968015,
      -15.575955885038468,
      -15.632487060340088,
      -15.726876669217468,
      -15.922218252300624,
      -16.122551531811762,
      -16.13402670461422,
      -16.15994685450092,
      -16.339131426003334,
      -17.609210912761146,
      -17.697332962380447,
      -17.704655208715433,
      -17.741459689319797,
      -17.76576479729228,
      -17.794560227795003,
      -17.797926154982953,
      -17.80909341012379,
      -17.874125645600735,
      -17.93687280868789,
      -17.953235930403057,
      -17.960926946019764,
      -17.979656915562543,
      -17.990563412098467,
      -18.007298061905637,
      -18.02410086527116,
      -18.026729965825645,
      -18.033627412333786,
      -18.063581161714563,
      -18.09584149713483,
      -18.104364352741666,
      -18.113166742898105,
      -18.12417360261947,
      -18.127902704818716,
      -18.131200763422772,
      -18.13906984775449,
      -18.154828313401588,
      -18.165111693879123,
      -18.169393363493633,
      -18.17380452187436,
      -18.188204172241004
    ],
    "cobyla_success": false,
    "optimizer": "COBYLA",
    "backend": "pennylane_default_qubit [CLASSICALLY SIMULATED]"
  },
  "qaoa_p2": {
    "classically_simulated": true,
    "p_layers": 2,
    "n_qubits": 12,
    "n_qubits_used": 12,
    "circuit_depth_estimate": 312,
    "n_couplings": 66,
    "final_ising_energy": -5.1634687650902364,
    "final_qubo_energy": 75.49924844685725,
    "best_states": [
      0,
      0,
      0,
      0
    ],
    "best_states_names": [
      "g-",
      "g-",
      "g-",
      "g-"
    ],
    "best_state_qubo_energy": 179.38527121101095,
    "matches_gt": false,
    "quality_ratio": -5.265951528387497,
    "runtime_s": 32.94701337814331,
    "n_optimizer_iters": 157,
    "convergence_history": [
      -3.444459267055924,
      -4.32806896924007,
      -4.32806896924007,
      -4.910029191116173,
      -5.000983386022982,
      -5.004987512843156,
      -5.018530360208037,
      -5.023540377287186,
      -5.028258861544648,
      -5.03168111344863,
      -5.038563206985563,
      -5.046375280244725,
      -5.061501634203023,
      -5.065217427308124,
      -5.068194968041034,
      -5.070226043086664,
      -5.070639384913928,
      -5.072802663255328,
      -5.07500084432177,
      -5.076758730440128,
      -5.078890139635148,
      -5.080082653654681,
      -5.082153973073556,
      -5.084498516849148,
      -5.085737790193981,
      -5.087596668323769,
      -5.091284824645092,
      -5.096325870339978,
      -5.111819772423894,
      -5.1150573459147,
      -5.122414329995402,
      -5.123163443622554,
      -5.123875501362385,
      -5.124206123790527,
      -5.124613607727433,
      -5.125634933659793,
      -5.126399560868115,
      -5.129259383390275,
      -5.1500604423486065,
      -5.1500604423486065,
      -5.151582961828718,
      -5.15240048489277,
      -5.153439039080449,
      -5.154057658874237,
      -5.154607237731161,
      -5.155133069829288,
      -5.157735093120587,
      -5.159446083851692,
      -5.160676847757882,
      -5.160705509871059,
      -5.161670793717512,
      -5.162677913653685,
      -5.1634687650902364
    ],
    "cobyla_success": false,
    "optimizer": "COBYLA",
    "backend": "pennylane_default_qubit [CLASSICALLY SIMULATED]"
  }
}